clusterName,,f-measure,True Negative ,False Positive,False Negative,True Positive,markerCount,1,2,3,4,5,6,index
cl1001_e62_Cryba2_L5_IT,,0.553691275,11671,26,29,33,4,mRNA_Deptor,mRNA_Fam19a1,mRNA_Rorb,mRNA_Tgm3,nan,nan,cl1001_e62_Cryba2_L5_IT&mRNA_Deptor>=7.074863910675049&mRNA_Fam19a1>=6.010716438293457&mRNA_Rorb>=3.352025270462036&mRNA_Tgm3>=4.052733421325684
cl1002_i29_Nts_Sst,,0.512820513,11720,10,17,12,4,mRNA_Crhbp,mRNA_Fosl2,mRNA_Nell1,mRNA_Th,nan,nan,cl1002_i29_Nts_Sst&mRNA_Crhbp>=4.104526042938232&mRNA_Fosl2>=3.6495907306671143&mRNA_Nell1>=5.469654083251953&mRNA_Th>=7.006585121154785
cl1003_i21_Sp7_Lamp5,,0.555555556,11732,6,12,9,4,mRNA_Sema5a_1,mRNA_Sv2c,mRNA_Tcerg1l,mRNA_Zbtb20,nan,nan,cl1003_i21_Sp7_Lamp5&mRNA_Sema5a_1>=7.186577796936035&mRNA_Sv2c>=3.3495874404907227&mRNA_Tcerg1l>=6.559391021728516&mRNA_Zbtb20>=6.83714485168457
cl1004_i65_NA_Sst,,0.427046263,11664,30,41,24,5,mRNA_Crhbp,mRNA_Etv1,mRNA_Lhx6_1,mRNA_Npas1,mRNA_Reln,nan,cl1004_i65_NA_Sst&mRNA_Crhbp>=2.511023998260498&mRNA_Etv1>=4.748383522033691&mRNA_Lhx6_1>=3.9699206352233887&mRNA_Npas1>=1.8839141130447388&mRNA_Reln>=7.041647911071777
cl1005_i24_Pcdhb20_Sst,,0.294117647,11689,46,8,16,4,mRNA_Etv1,mRNA_Pcdh8,mRNA_Thsd7a,mRNA_Unc13c,nan,nan,cl1005_i24_Pcdhb20_Sst&mRNA_Etv1>=6.1211395263671875&mRNA_Pcdh8>=6.099478721618652&mRNA_Thsd7a>=6.026391983032227&mRNA_Unc13c>=3.3777072429656982
cl1006_i68_Hpse_Sst,,0.533333333,11665,26,36,32,5,mRNA_Coro6,mRNA_Crhbp,mRNA_Reln,mRNA_Syt6,mRNA_Unc13c,nan,cl1006_i68_Hpse_Sst&mRNA_Coro6>=3.750248908996582&mRNA_Crhbp>=9.180107116699219&mRNA_Reln>=7.831223487854004&mRNA_Syt6>=1.0225149393081665&mRNA_Unc13c>=4.778179168701172
cl1007_i56_NA_Pvalb,,0.27173913,11609,94,26,30,3,mRNA_Lhx6,mRNA_Pvalb,mRNA_Th,nan,nan,nan,cl1007_i56_NA_Pvalb&mRNA_Lhx6>=0.6857181787490845&mRNA_Pvalb>=4.029123306274414&mRNA_Th>=5.004798889160156
cl1008_e40_NA_L5_IT,,0.113636364,11719,0,39,1,1,mRNA_Deptor,nan,nan,nan,nan,nan,cl1008_e40_NA_L5_IT&mRNA_Deptor>=10.198060989379883
cl1009_e15_Hsd17b2_L6b,,0.933333333,11743,1,1,14,2,mRNA_Nxph4,mRNA_Slc17a8,nan,nan,nan,nan,cl1009_e15_Hsd17b2_L6b&mRNA_Nxph4>=1.072135329246521&mRNA_Slc17a8>=3.114642858505249
cl1010_n5_Fgfbp1_VLMC,,0.135135135,11747,7,4,1,4,mRNA_Dcn,mRNA_Pdgfra,mRNA_Tshz2,mRNA_Unc13c,nan,nan,cl1010_n5_Fgfbp1_VLMC&mRNA_Dcn>=7.491397857666016&mRNA_Pdgfra>=0.6098371148109436&mRNA_Tshz2>=3.1480159759521484&mRNA_Unc13c>=6.609884262084961
cl1011_n13_Enpp6_Oligo,,0.606060606,11745,1,9,4,3,mRNA_Cbfb,mRNA_Fa2h,mRNA_Tspan12,nan,nan,nan,cl1011_n13_Enpp6_Oligo&mRNA_Cbfb>=7.433332443237305&mRNA_Fa2h>=7.230616569519043&mRNA_Tspan12>=3.070162534713745
cl1012_n5_Gkn3_Endo,,0.952380952,11754,0,1,4,2,mRNA_Ly6c2,mRNA_Map3k7cl,nan,nan,nan,nan,cl1012_n5_Gkn3_Endo&mRNA_Ly6c2>=4.670426368713379&mRNA_Map3k7cl>=0.6179296970367432
cl1013_n4_Slc26a2_VLMC,,0.625,11755,0,3,1,1,mRNA_Gpr125,nan,nan,nan,nan,nan,cl1013_n4_Slc26a2_VLMC&mRNA_Gpr125>=10.28632926940918
cl1014_n8_Atp13a5_Peri,,0.535714286,11749,2,5,3,1,mRNA_Tspan12,nan,nan,nan,nan,nan,cl1014_n8_Atp13a5_Peri&mRNA_Tspan12>=9.980229377746582
cl1015_e8_Lhx1os_CR,,0.833333333,11751,0,4,4,2,mRNA_Ndnf,mRNA_Reln,nan,nan,nan,nan,cl1015_e8_Lhx1os_CR&mRNA_Ndnf>=11.568452835083008&mRNA_Reln>=11.820755004882812
cl101_e53_Zmiz1os1_L6_IT,,0.176715177,11616,90,36,17,5,mRNA_Atp2b4,mRNA_Fosl2,mRNA_Hs3st2,mRNA_Satb2,mRNA_Slit3,nan,cl101_e53_Zmiz1os1_L6_IT&mRNA_Atp2b4>=6.411189079284668&mRNA_Fosl2>=4.004961013793945&mRNA_Hs3st2>=6.949305534362793&mRNA_Satb2>=2.3595194816589355&mRNA_Slit3>=4.808490753173828
cl102_e53_Tmem74b_L23_IT,,0.305039788,11648,58,30,23,3,mRNA_Fam19a1,mRNA_Fosl2,mRNA_Meis2,nan,nan,nan,cl102_e53_Tmem74b_L23_IT&mRNA_Fam19a1>=8.175734519958496&mRNA_Fosl2>=6.367870330810547&mRNA_Meis2>=2.967306137084961
cl103_e53_NA_L23_IT,,0.083658673,11301,405,23,30,4,mRNA_Cdh22,mRNA_Fam19a1,mRNA_Inf2,mRNA_Meis2,nan,nan,cl103_e53_NA_L23_IT&mRNA_Cdh22>=3.0303897857666016&mRNA_Fam19a1>=7.2361931800842285&mRNA_Inf2>=0.9182707667350769&mRNA_Meis2>=3.1436071395874023
cl106_e50_Dlc1_L6_CT,,0.431034483,11693,16,35,15,3,mRNA_Foxp2,mRNA_Inf2,mRNA_Syt6,nan,nan,nan,cl106_e50_Dlc1_L6_CT&mRNA_Foxp2>=6.728288173675537&mRNA_Inf2>=5.486372470855713&mRNA_Syt6>=7.51561164855957
cl107_i50_Gpr101_Sst,,0.37037037,11674,35,30,20,3,mRNA_Calb1,mRNA_Grik1,mRNA_Oprm1,nan,nan,nan,cl107_i50_Gpr101_Sst&mRNA_Calb1>=9.364688873291016&mRNA_Grik1>=7.710078239440918&mRNA_Oprm1>=7.360987663269043
cl108_e49_NA_L4,,0.189701897,11644,66,35,14,3,mRNA_Brinp3,mRNA_Cux2,mRNA_Rspo1,nan,nan,nan,cl108_e49_NA_L4&mRNA_Brinp3>=8.052528381347656&mRNA_Cux2>=4.522721767425537&mRNA_Rspo1>=8.168174743652344
cl10_i163_Tacstd2_Sst,,0.91047041,11592,4,43,120,3,mRNA_Lhx6,mRNA_Npas1,mRNA_Rxfp1,nan,nan,nan,cl10_i163_Tacstd2_Sst&mRNA_Lhx6>=2.5497679710388184&mRNA_Npas1>=6.214712142944336&mRNA_Rxfp1>=1.6165478229522705
cl110_i49_Mir3059_Sst,,0.445859873,11697,13,35,14,4,mRNA_Htr1f,mRNA_Lhx6,mRNA_Tcerg1l,mRNA_Unc13c,nan,nan,cl110_i49_Mir3059_Sst&mRNA_Htr1f>=1.163527011871338&mRNA_Lhx6>=3.3591346740722656&mRNA_Tcerg1l>=6.3625688552856445&mRNA_Unc13c>=7.5128984451293945
cl111_e48_Zar1l_L23_IT,,0.095338983,11287,424,12,36,4,mRNA_Cux2,mRNA_Fam19a1,mRNA_Lamp5,mRNA_Meis2,nan,nan,cl111_e48_Zar1l_L23_IT&mRNA_Cux2>=4.712868690490723&mRNA_Fam19a1>=5.606142997741699&mRNA_Lamp5>=9.326715469360352&mRNA_Meis2>=3.3747339248657227
cl112_e48_Slc22a1_L6_IT,,0.21780303,11614,97,25,23,5,mRNA_Atp2b4,mRNA_Brinp3,mRNA_Rxfp1,mRNA_Sorcs3,mRNA_Tmem108,nan,cl112_e48_Slc22a1_L6_IT&mRNA_Atp2b4>=5.40974235534668&mRNA_Brinp3>=5.866891860961914&mRNA_Rxfp1>=4.804666519165039&mRNA_Sorcs3>=4.169403553009033&mRNA_Tmem108>=5.217031478881836
cl113_i48_Dock5_Lamp5,,0.318627451,11647,64,22,26,4,mRNA_Ngf,mRNA_Reln,mRNA_Rxfp1,mRNA_Sema5a,nan,nan,cl113_i48_Dock5_Lamp5&mRNA_Ngf>=6.100527286529541&mRNA_Reln>=10.00030517578125&mRNA_Rxfp1>=5.59909725189209&mRNA_Sema5a>=6.061514377593994
cl114_i47_Tbc1d2b_Lamp5,,0.325077399,11664,48,26,21,4,mRNA_Htr1f,mRNA_Ndnf,mRNA_Nos1,mRNA_Sema5a,nan,nan,cl114_i47_Tbc1d2b_Lamp5&mRNA_Htr1f>=2.014573574066162&mRNA_Ndnf>=3.758507490158081&mRNA_Nos1>=4.686898708343506&mRNA_Sema5a>=7.55933952331543
cl115_i47_Rny1_Pvalb,,0.158974359,11511,201,16,31,2,mRNA_Pvalb,mRNA_Sema5a,nan,nan,nan,nan,cl115_i47_Rny1_Pvalb&mRNA_Pvalb>=10.335969924926758&mRNA_Sema5a>=3.590834140777588
cl116_n47_Lgr6_Astro,,0.287769784,11697,15,39,8,3,mRNA_Fgfr3,mRNA_Meis2,mRNA_Rorb,nan,nan,nan,cl116_n47_Lgr6_Astro&mRNA_Fgfr3>=7.713128089904785&mRNA_Meis2>=0.8704059720039368&mRNA_Rorb>=8.937206268310547
cl119_i46_Ccdc38_Pvalb,,0.066643882,11032,681,7,39,2,mRNA_Crhbp,mRNA_Pvalb,nan,nan,nan,nan,cl119_i46_Ccdc38_Pvalb&mRNA_Crhbp>=5.994593620300293&mRNA_Pvalb>=7.923494338989258
cl11_i160_Pitpnc1_Sst,,0.505836576,11486,113,56,104,5,mRNA_Calb1,mRNA_Chrna2,mRNA_Lhx6_1,mRNA_Reln,mRNA_Unc13c,nan,cl11_i160_Pitpnc1_Sst&mRNA_Calb1>=10.752373695373535&mRNA_Chrna2>=4.230900287628174&mRNA_Lhx6_1>=1.3097500801086426&mRNA_Reln>=7.488953113555908&mRNA_Unc13c>=5.468226432800293
cl120_i46_Cers6_Sst,,0.184563758,11534,179,13,33,4,mRNA_Calb1,mRNA_Npas1,mRNA_Reln,mRNA_Unc13c,nan,nan,cl120_i46_Cers6_Sst&mRNA_Calb1>=10.326881408691406&mRNA_Npas1>=5.977550029754639&mRNA_Reln>=8.425381660461426&mRNA_Unc13c>=7.183042526245117
cl121_e46_Psd4_L6b,,0.653846154,11709,4,29,17,4,mRNA_Atp2b4,mRNA_Cacng5,mRNA_Foxp2,mRNA_Nxph4,nan,nan,cl121_e46_Psd4_L6b&mRNA_Atp2b4>=7.748251914978027&mRNA_Cacng5>=0.6163403987884521&mRNA_Foxp2>=2.8566503524780273&mRNA_Nxph4>=6.179333209991455
cl123_e45_Zbtb2_L23_IT,,0.452488688,11690,24,25,20,4,mRNA_Atp2b4,mRNA_Fam19a1,mRNA_Mdga1,mRNA_Pcdh8,nan,nan,cl123_e45_Zbtb2_L23_IT&mRNA_Atp2b4>=7.396303176879883&mRNA_Fam19a1>=6.56840705871582&mRNA_Mdga1>=5.38287878036499&mRNA_Pcdh8>=4.769879341125488
cl125_e44_Agmat_L23_IT,,0.576923077,11705,10,26,18,5,mRNA_Cdh22,mRNA_Cux2,mRNA_Kcnip2,mRNA_Lamp5,mRNA_Meis2,nan,cl125_e44_Agmat_L23_IT&mRNA_Cdh22>=6.1190643310546875&mRNA_Cux2>=5.228222846984863&mRNA_Kcnip2>=6.335451602935791&mRNA_Lamp5>=9.316194534301758&mRNA_Meis2>=6.142515182495117
cl126_e44_Traf5_L6_CT,,0.592105263,11696,19,17,27,4,mRNA_Foxp2,mRNA_Hs3st2,mRNA_Meis2,mRNA_Syt6,nan,nan,cl126_e44_Traf5_L6_CT&mRNA_Foxp2>=6.120741367340088&mRNA_Hs3st2>=8.130797386169434&mRNA_Meis2>=6.7790398597717285&mRNA_Syt6>=5.573219299316406
cl127_i44_Nlrx1_Sst,,0.642857143,11709,6,26,18,4,mRNA_Col25a1,mRNA_Crhbp,mRNA_Pcdh8,mRNA_Unc13c,nan,nan,cl127_i44_Nlrx1_Sst&mRNA_Col25a1>=4.154079437255859&mRNA_Crhbp>=10.117746353149414&mRNA_Pcdh8>=8.37199592590332&mRNA_Unc13c>=3.7559070587158203
cl128_n44_ATP8_SMC,,0.497159091,11673,42,9,35,2,mRNA_Map3k7cl,mRNA_Sncg,nan,nan,nan,nan,cl128_n44_ATP8_SMC&mRNA_Map3k7cl>=1.3207297325134277&mRNA_Sncg>=9.721424102783203
cl12_i155_Crabp1_Sncg,,0.885509839,11602,2,56,99,2,mRNA_Rxfp1,mRNA_Sncg,nan,nan,nan,nan,cl12_i155_Crabp1_Sncg&mRNA_Rxfp1>=6.393438339233398&mRNA_Sncg>=4.229562282562256
cl130_n43_Nat8_Astro,,0.253164557,11711,5,39,4,2,mRNA_Fgfr3,mRNA_Meis2_1,nan,nan,nan,nan,cl130_n43_Nat8_Astro&mRNA_Fgfr3>=6.175135135650635&mRNA_Meis2_1>=8.864620208740234
cl131_i43_Scgn_Meis2,,0.765765766,11716,0,26,17,2,mRNA_Meis2,mRNA_Th,nan,nan,nan,nan,cl131_i43_Scgn_Meis2&mRNA_Meis2>=9.298460960388184&mRNA_Th>=7.843818664550781
cl132_i43_Fbn1_Vip,,0.447761194,11716,0,37,6,3,mRNA_Cntn5,mRNA_Rxfp1,mRNA_Vip,nan,nan,nan,cl132_i43_Fbn1_Vip&mRNA_Cntn5>=7.431117057800293&mRNA_Rxfp1>=9.17131233215332&mRNA_Vip>=13.341726303100586
cl135_i42_Ostn_Pvalb,,0.092290988,11301,416,8,34,3,mRNA_Lhx6,mRNA_Pvalb,mRNA_Sema5a,nan,nan,nan,cl135_i42_Ostn_Pvalb&mRNA_Lhx6>=1.6919013261795044&mRNA_Pvalb>=9.472040176391602&mRNA_Sema5a>=2.4862356185913086
cl136_i41_Grtp1_Lamp5,,0.20694259,11572,146,10,31,5,mRNA_Coro6,mRNA_Kcns3,mRNA_Lamp5,mRNA_Sema5a_1,mRNA_Sv2c,nan,cl136_i41_Grtp1_Lamp5&mRNA_Coro6>=5.411412715911865&mRNA_Kcns3>=6.195037364959717&mRNA_Lamp5>=10.60419750213623&mRNA_Sema5a_1>=7.0420122146606445&mRNA_Sv2c>=4.34908390045166
cl137_i41_NA_Lamp5,,0.294117647,11686,32,28,13,3,mRNA_Lamp5,mRNA_Ngf,mRNA_Reln,nan,nan,nan,cl137_i41_NA_Lamp5&mRNA_Lamp5>=9.965511322021484&mRNA_Ngf>=6.722890853881836&mRNA_Reln>=10.672225952148438
cl138_i41_Has2_Lamp5,,0.265306122,11680,38,28,13,4,mRNA_Ndnf,mRNA_Reln,mRNA_Rxfp1,mRNA_Sv2c,nan,nan,cl138_i41_Has2_Lamp5&mRNA_Ndnf>=9.448486328125&mRNA_Reln>=10.171218872070312&mRNA_Rxfp1>=6.505710601806641&mRNA_Sv2c>=3.985740900039673
cl13_n153_Ctla2a_Endo,,0.959849435,11598,8,0,153,1,mRNA_Ly6c2,nan,nan,nan,nan,nan,cl13_n153_Ctla2a_Endo&mRNA_Ly6c2>=0.8107749819755554
cl142_e38_Mamdc2_L4,,0.2,11720,1,36,2,3,mRNA_Cux2,mRNA_Fam19a2,mRNA_Rspo1,nan,nan,nan,cl142_e38_Mamdc2_L4&mRNA_Cux2>=7.441527843475342&mRNA_Fam19a2>=6.629344940185547&mRNA_Rspo1>=5.920435428619385
cl143_e38_Tmem136_L6_IT,,0.537974684,11708,13,21,17,4,mRNA_Cbfb,mRNA_Galnt9,mRNA_Rxfp1,mRNA_Sema3e,nan,nan,cl143_e38_Tmem136_L6_IT&mRNA_Cbfb>=5.450815200805664&mRNA_Galnt9>=8.474762916564941&mRNA_Rxfp1>=6.321709632873535&mRNA_Sema3e>=6.114421844482422
cl144_e37_Zranb3_L4,,0.175182482,11584,138,13,24,3,mRNA_Fam19a1,mRNA_Rspo1,mRNA_Tshz2,nan,nan,nan,cl144_e37_Zranb3_L4&mRNA_Fam19a1>=6.653546333312988&mRNA_Rspo1>=6.386125564575195&mRNA_Tshz2>=3.174221992492676
cl145_e37_Zfat_L4,,0.121028744,11582,140,21,16,4,mRNA_Fam19a1,mRNA_Rorb,mRNA_Rspo1,mRNA_Tshz2,nan,nan,cl145_e37_Zfat_L4&mRNA_Fam19a1>=4.56031608581543&mRNA_Rorb>=7.029962539672852&mRNA_Rspo1>=0.7286396026611328&mRNA_Tshz2>=4.139613151550293
cl146_e37_Rspo1_L4,,0.461538462,11721,1,31,6,3,mRNA_Cdh22,mRNA_Nell1,mRNA_Tshz2,nan,nan,nan,cl146_e37_Rspo1_L4&mRNA_Cdh22>=6.313973903656006&mRNA_Nell1>=7.343886375427246&mRNA_Tshz2>=4.083311080932617
cl147_i37_Clrn1_Sncg,,0.643564356,11719,3,24,13,5,mRNA_Cacng5,mRNA_Deptor,mRNA_Htr1f,mRNA_Kcns3,mRNA_Zbtb20,nan,cl147_i37_Clrn1_Sncg&mRNA_Cacng5>=7.161934852600098&mRNA_Deptor>=5.402379989624023&mRNA_Htr1f>=1.6559476852416992&mRNA_Kcns3>=0.5696568489074707&mRNA_Zbtb20>=7.453242301940918
cl148_e36_Mmel1_L4,,0.284090909,11664,59,16,20,4,mRNA_Nell1,mRNA_Rorb,mRNA_Thsd7a,mRNA_Tshz2,nan,nan,cl148_e36_Mmel1_L4&mRNA_Nell1>=5.647855758666992&mRNA_Rorb>=7.2059173583984375&mRNA_Thsd7a>=1.2392256259918213&mRNA_Tshz2>=4.3300676345825195
cl149_i36_Aqp6_Vip,,0.5,11717,6,26,10,4,mRNA_Cacng5,mRNA_Rgs12,mRNA_Thsd7a,mRNA_Vip,nan,nan,cl149_i36_Aqp6_Vip&mRNA_Cacng5>=5.694910049438477&mRNA_Rgs12>=9.293586730957031&mRNA_Thsd7a>=5.252204418182373&mRNA_Vip>=15.13014030456543
cl150_e36_Car3_L6_IT,,0.961538462,11723,0,6,30,2,mRNA_Car3,mRNA_Rgs12,nan,nan,nan,nan,cl150_e36_Car3_L6_IT&mRNA_Car3>=4.252641677856445&mRNA_Rgs12>=7.079012393951416
cl151_i35_Gpr63_Lamp5,,0.191919192,11628,96,16,19,4,mRNA_Htr1f,mRNA_Nos1,mRNA_Sema5a,mRNA_Sv2c,nan,nan,cl151_i35_Gpr63_Lamp5&mRNA_Htr1f>=5.223793983459473&mRNA_Nos1>=5.393943786621094&mRNA_Sema5a>=7.552906513214111&mRNA_Sv2c>=3.8389511108398438
cl152_e35_Elf2_L5_IT,,0.555555556,11724,0,28,7,3,mRNA_Deptor,mRNA_Etv1,mRNA_Hs3st2,nan,nan,nan,cl152_e35_Elf2_L5_IT&mRNA_Deptor>=7.891931056976318&mRNA_Etv1>=7.302061080932617&mRNA_Hs3st2>=9.621467590332031
cl153_i35_Mir384_Pvalb,,0.118949959,11457,267,6,29,4,mRNA_Crhbp,mRNA_Htr1f,mRNA_Ngf,mRNA_Pvalb,nan,nan,cl153_i35_Mir384_Pvalb&mRNA_Crhbp>=4.731235027313232&mRNA_Htr1f>=1.2898626327514648&mRNA_Ngf>=3.690624952316284&mRNA_Pvalb>=8.710238456726074
cl155_i35_Tubb6_Vip,,0.438596491,11705,19,20,15,2,mRNA_Rgs12,mRNA_Tcerg1l,nan,nan,nan,nan,cl155_i35_Tubb6_Vip&mRNA_Rgs12>=8.672893524169922&mRNA_Tcerg1l>=7.389449119567871
cl156_e35_Gpr139_L6_CT,,0.756302521,11721,3,17,18,3,mRNA_Mdga1,mRNA_Meis2,mRNA_Syt6,nan,nan,nan,cl156_e35_Gpr139_L6_CT&mRNA_Mdga1>=5.207365036010742&mRNA_Meis2>=0.7813575267791748&mRNA_Syt6>=6.753140449523926
cl158_i35_Cyp2s1_Sst,,0.494505495,11719,5,26,9,3,mRNA_Lhx6,mRNA_Nell1,mRNA_Tcerg1l,nan,nan,nan,cl158_i35_Cyp2s1_Sst&mRNA_Lhx6>=8.031896591186523&mRNA_Nell1>=7.3920698165893555&mRNA_Tcerg1l>=6.393282890319824
cl160_i34_NA_Pvalb,,0.131578947,11725,0,33,1,1,mRNA_Pvalb,nan,nan,nan,nan,nan,cl160_i34_NA_Pvalb&mRNA_Pvalb>=12.300602912902832
cl161_i34_Spsb2_Vip,,0.461538462,11713,12,22,12,5,mRNA_Cacng5,mRNA_Nell1,mRNA_Rgs12,mRNA_Rxfp1,mRNA_Zbtb20,nan,cl161_i34_Spsb2_Vip&mRNA_Cacng5>=5.950552940368652&mRNA_Nell1>=0.8808059692382812&mRNA_Rgs12>=6.054922580718994&mRNA_Rxfp1>=6.427986145019531&mRNA_Zbtb20>=7.274769306182861
cl162_e33_Gpr52_L6_IT,,0.112201964,11572,154,17,16,6,mRNA_Atp2b4,mRNA_Cbfb,mRNA_Hs3st2,mRNA_Inf2,mRNA_Satb2,mRNA_Slit3,cl162_e33_Gpr52_L6_IT&mRNA_Atp2b4>=6.482337474822998&mRNA_Cbfb>=4.935705184936523&mRNA_Hs3st2>=6.298601150512695&mRNA_Inf2>=3.6561496257781982&mRNA_Satb2>=5.298060894012451&mRNA_Slit3>=3.8130908012390137
cl163_e33_Nxf7_L4,,0.12482663,11572,154,15,18,4,mRNA_Fam19a1,mRNA_Nell1,mRNA_Rorb,mRNA_Rspo1,nan,nan,cl163_e33_Nxf7_L4&mRNA_Fam19a1>=5.260964870452881&mRNA_Nell1>=6.618046760559082&mRNA_Rorb>=5.739583969116211&mRNA_Rspo1>=6.730129718780518
cl164_i33_Adra2a_Vip,,0.714285714,11726,0,22,11,4,mRNA_Cacng5,mRNA_Npas1,mRNA_Prox1,mRNA_Tcerg1l,nan,nan,cl164_i33_Adra2a_Vip&mRNA_Cacng5>=7.261888027191162&mRNA_Npas1>=8.59019660949707&mRNA_Prox1>=7.225456237792969&mRNA_Tcerg1l>=7.867170333862305
cl165_n33_Kdelr3_VLMC,,0.761904762,11724,2,17,16,2,mRNA_Dcn,mRNA_Unc13c,nan,nan,nan,nan,cl165_n33_Kdelr3_VLMC&mRNA_Dcn>=11.694446563720703&mRNA_Unc13c>=5.9441914558410645
cl166_i33_Has2os_Sst,,0.362318841,11673,53,8,25,4,mRNA_Chodl,mRNA_Col25a1,mRNA_Crhbp,mRNA_Nos1,nan,nan,cl166_i33_Has2os_Sst&mRNA_Chodl>=9.114065170288086&mRNA_Col25a1>=8.446553230285645&mRNA_Crhbp>=12.690641403198242&mRNA_Nos1>=9.250102043151855
cl167_e33_Efcc1_L6_CT,,0.328638498,11695,31,19,14,3,mRNA_Hs3st2,mRNA_Sema5a,mRNA_Syt6,nan,nan,nan,cl167_e33_Efcc1_L6_CT&mRNA_Hs3st2>=8.100194931030273&mRNA_Sema5a>=4.6453166007995605&mRNA_Syt6>=5.4382805824279785
cl169_i32_Wif1_Pvalb,,0.293209877,11673,54,13,19,4,mRNA_Cbfb,mRNA_Crhbp,mRNA_Ngf,mRNA_Pvalb,nan,nan,cl169_i32_Wif1_Pvalb&mRNA_Cbfb>=4.609023094177246&mRNA_Crhbp>=8.414205551147461&mRNA_Ngf>=3.1787078380584717&mRNA_Pvalb>=5.9221954345703125
cl16_n148_Cml3_Astro,,0.51056338,11564,47,90,58,2,mRNA_Fgfr3,mRNA_Unc13c,nan,nan,nan,nan,cl16_n148_Cml3_Astro&mRNA_Fgfr3>=7.156371116638184&mRNA_Unc13c>=7.619784355163574
cl170_i32_Rps27rt_Vip,,0.3125,11693,34,18,14,4,mRNA_Brinp3,mRNA_Npas1,mRNA_Reln,mRNA_Zbtb20,nan,nan,cl170_i32_Rps27rt_Vip&mRNA_Brinp3>=8.31167984008789&mRNA_Npas1>=7.488454818725586&mRNA_Reln>=6.7286295890808105&mRNA_Zbtb20>=7.710465431213379
cl172_e31_Htr6_L6_IT,,0.123966942,11654,74,22,9,4,mRNA_Col25a1,mRNA_Inf2,mRNA_Satb2,mRNA_Sema3e,nan,nan,cl172_e31_Htr6_L6_IT&mRNA_Col25a1>=4.103180885314941&mRNA_Inf2>=3.9638185501098633&mRNA_Satb2>=5.927032470703125&mRNA_Sema3e>=7.415579795837402
cl174_e30_Zfp433_L4,,0.159574468,11716,13,27,3,3,mRNA_Rorb,mRNA_Rspo1,mRNA_Satb2,nan,nan,nan,cl174_e30_Zfp433_L4&mRNA_Rorb>=6.178849220275879&mRNA_Rspo1>=7.722020626068115&mRNA_Satb2>=8.116079330444336
cl177_n30_Slc8b1_Astro,,0.263157895,11729,0,28,2,2,mRNA_Fgfr3,mRNA_Zbtb20,nan,nan,nan,nan,cl177_n30_Slc8b1_Astro&mRNA_Fgfr3>=8.256843566894531&mRNA_Zbtb20>=11.436878204345703
cl178_i30_Sesn3_Lamp5,,0.426829268,11723,6,23,7,4,mRNA_Ndnf,mRNA_Reln,mRNA_Rxfp1,mRNA_Sv2c,nan,nan,cl178_i30_Sesn3_Lamp5&mRNA_Ndnf>=10.410654067993164&mRNA_Reln>=10.547198295593262&mRNA_Rxfp1>=6.923931121826172&mRNA_Sv2c>=5.3393659591674805
cl179_e29_Cldn23_L5_PT,,0.444444444,11730,0,25,4,2,mRNA_Cdh22,mRNA_Fam84b,nan,nan,nan,nan,cl179_e29_Cldn23_L5_PT&mRNA_Cdh22>=7.277560710906982&mRNA_Fam84b>=3.5107696056365967
cl17_e147_Gng12_L6_CT,,0.364546104,11401,211,45,102,3,mRNA_Foxp2,mRNA_Meis2,mRNA_Syt6,nan,nan,nan,cl17_e147_Gng12_L6_CT&mRNA_Foxp2>=6.772565841674805&mRNA_Meis2>=2.589761734008789&mRNA_Syt6>=0.6524797081947327
cl180_i29_Nr1h4_Sncg,,0.802469136,11730,0,16,13,2,mRNA_Pvalb,mRNA_Slc17a8,nan,nan,nan,nan,cl180_i29_Nr1h4_Sncg&mRNA_Pvalb>=2.228118896484375&mRNA_Slc17a8>=8.733028411865234
cl181_e28_Nfkbid_L23_IT,,0.236111111,11665,66,11,17,3,mRNA_Fam19a1,mRNA_Fosl2,mRNA_Meis2,nan,nan,nan,cl181_e28_Nfkbid_L23_IT&mRNA_Fam19a1>=8.745809555053711&mRNA_Fosl2>=6.064175128936768&mRNA_Meis2>=4.705772399902344
cl182_i28_Snord42b_Pvalb,,0.3125,11711,20,19,9,4,mRNA_Coro6,mRNA_Ngf,mRNA_Pvalb,mRNA_Thsd7a,nan,nan,cl182_i28_Snord42b_Pvalb&mRNA_Coro6>=7.045199394226074&mRNA_Ngf>=1.59535551071167&mRNA_Pvalb>=10.681570053100586&mRNA_Thsd7a>=5.436892509460449
cl184_n28_Pf4_Macrophage,,0.546875,11720,11,14,14,3,mRNA_Etv1,mRNA_Ly86,mRNA_Malat1,nan,nan,nan,cl184_n28_Pf4_Macrophage&mRNA_Etv1>=5.613204002380371&mRNA_Ly86>=7.752570152282715&mRNA_Malat1>=13.781315803527832
cl185_i27_Slc4a7_Pvalb,,0.036253776,11337,395,15,12,3,mRNA_Crhbp,mRNA_Kcnip2,mRNA_Lhx6_1,nan,nan,nan,cl185_i27_Slc4a7_Pvalb&mRNA_Crhbp>=6.13523530960083&mRNA_Kcnip2>=7.101372241973877&mRNA_Lhx6_1>=1.3472118377685547
cl186_e26_Zfp882_L4,,0.192307692,11723,10,23,3,3,mRNA_Cux2,mRNA_Rspo1,mRNA_Satb2_1,nan,nan,nan,cl186_e26_Zfp882_L4&mRNA_Cux2>=7.175533771514893&mRNA_Rspo1>=4.035582542419434&mRNA_Satb2_1>=4.839242458343506
cl187_e26_Teddm2_L6_CT,,0.158730159,11602,131,6,20,4,mRNA_Foxp2,mRNA_Htr1f,mRNA_Meis2,mRNA_Syt6,nan,nan,cl187_e26_Teddm2_L6_CT&mRNA_Foxp2>=6.7974748611450195&mRNA_Htr1f>=4.572932243347168&mRNA_Meis2>=5.993481636047363&mRNA_Syt6>=5.0190582275390625
cl188_i26_Cgn_Pvalb,,0.048764629,11370,363,11,15,3,mRNA_Lhx6,mRNA_Nell1,mRNA_Pvalb,nan,nan,nan,cl188_i26_Cgn_Pvalb&mRNA_Lhx6>=2.1469151973724365&mRNA_Nell1>=1.1730252504348755&mRNA_Pvalb>=7.749173164367676
cl189_e26_C1ql2_L5_PT,,0.5,11732,1,21,5,4,mRNA_Fam19a1,mRNA_Fosl2,mRNA_Htr1f,mRNA_Tgm3,nan,nan,cl189_e26_C1ql2_L5_PT&mRNA_Fam19a1>=8.50011157989502&mRNA_Fosl2>=6.092984676361084&mRNA_Htr1f>=4.933965682983398&mRNA_Tgm3>=2.7346532344818115
cl18_i146_Car4_Vip,,0.526315789,11556,57,78,68,4,mRNA_Kcnk2,mRNA_Ngf,mRNA_Vip,mRNA_Zbtb20,nan,nan,cl18_i146_Car4_Vip&mRNA_Kcnk2>=4.368999004364014&mRNA_Ngf>=6.294108867645264&mRNA_Vip>=13.12606430053711&mRNA_Zbtb20>=6.835344314575195
cl190_e26_Cdh15_L5_PT,,0.236842105,11701,32,17,9,5,mRNA_Fam19a1,mRNA_Fam84b,mRNA_Lamp5,mRNA_Slit3,mRNA_Tcerg1l,nan,cl190_e26_Cdh15_L5_PT&mRNA_Fam19a1>=8.50705623626709&mRNA_Fam84b>=5.179394245147705&mRNA_Lamp5>=9.9595365524292&mRNA_Slit3>=4.854284286499023&mRNA_Tcerg1l>=5.447563648223877
cl191_e26_Chadl_L6_IT,,0.131004367,11637,96,14,12,5,mRNA_Atp2b4,mRNA_Calb1,mRNA_Nos1_1,mRNA_Rxfp1,mRNA_Satb2,nan,cl191_e26_Chadl_L6_IT&mRNA_Atp2b4>=6.934964656829834&mRNA_Calb1>=6.258612155914307&mRNA_Nos1_1>=2.874682664871216&mRNA_Rxfp1>=5.477242469787598&mRNA_Satb2>=2.2296900749206543
cl192_i26_Trim71_Sst,,0.476190476,11733,0,22,4,3,mRNA_Crhbp,mRNA_Fosl2,mRNA_Thsd7a,nan,nan,nan,cl192_i26_Trim71_Sst&mRNA_Crhbp>=7.599944114685059&mRNA_Fosl2>=7.722468852996826&mRNA_Thsd7a>=7.964524745941162
cl196_e24_Zfp781_L4,,0.384615385,11732,3,20,4,3,mRNA_Cux2,mRNA_Rorb,mRNA_Satb2,nan,nan,nan,cl196_e24_Zfp781_L4&mRNA_Cux2>=5.793619155883789&mRNA_Rorb>=7.705155372619629&mRNA_Satb2>=8.31668472290039
cl197_e24_Cfap54_L23_IT,,0.158730159,11686,49,16,8,4,mRNA_Atp2b4,mRNA_Fam19a1,mRNA_Inf2,mRNA_Meis2,nan,nan,cl197_e24_Cfap54_L23_IT&mRNA_Atp2b4>=8.021084785461426&mRNA_Fam19a1>=8.171875&mRNA_Inf2>=3.362887144088745&mRNA_Meis2>=4.147952079772949
cl198_i24_Bard1_Vip,,0.321428571,11715,20,15,9,4,mRNA_Cacng5,mRNA_Gpr125,mRNA_Prox1,mRNA_Zbtb20,nan,nan,cl198_i24_Bard1_Vip&mRNA_Cacng5>=6.6830925941467285&mRNA_Gpr125>=1.166499376296997&mRNA_Prox1>=6.870046615600586&mRNA_Zbtb20>=7.348172187805176
cl1_e421_Cst3_L4,,0.516096913,11001,337,110,311,2,mRNA_Rorb,mRNA_Rspo1,nan,nan,nan,nan,cl1_e421_Cst3_L4&mRNA_Rorb>=6.5199689865112305&mRNA_Rspo1>=5.437708377838135
cl202_i24_Ccdc121_Sst,,0.625,11723,12,6,18,4,mRNA_Cdh22,mRNA_Etv1,mRNA_Pvalb,mRNA_Reln,nan,nan,cl202_i24_Ccdc121_Sst&mRNA_Cdh22>=2.835059881210327&mRNA_Etv1>=5.8546953201293945&mRNA_Pvalb>=4.203374862670898&mRNA_Reln>=6.398387908935547
cl205_e23_Zfp28_L5_NP,,0.465116279,11735,1,19,4,3,mRNA_Cdh22,mRNA_Etv1,mRNA_Slc17a8,nan,nan,nan,cl205_e23_Zfp28_L5_NP&mRNA_Cdh22>=6.4898576736450195&mRNA_Etv1>=8.909507751464844&mRNA_Slc17a8>=5.648303031921387
cl206_i23_Dmrt2_Sst,,0.512820513,11736,0,19,4,3,mRNA_Chrna2,mRNA_Ptprt,mRNA_Unc13c,nan,nan,nan,cl206_i23_Dmrt2_Sst&mRNA_Chrna2>=3.5891849994659424&mRNA_Ptprt>=8.866813659667969&mRNA_Unc13c>=4.54540491104126
cl207_i23_Phf8_Sst,,0.353535354,11724,12,16,7,4,mRNA_Crhbp,mRNA_Fosl2_1,mRNA_Nos1,mRNA_Pcdh8,nan,nan,cl207_i23_Phf8_Sst&mRNA_Crhbp>=7.581419467926025&mRNA_Fosl2_1>=5.2313714027404785&mRNA_Nos1>=1.7231056690216064&mRNA_Pcdh8>=9.116458892822266
cl209_e22_Nphs1_L6_IT,,0.378787879,11731,6,17,5,5,mRNA_Atp2b4,mRNA_Fosl2,mRNA_Hs3st2,mRNA_Satb2,mRNA_Slit3,nan,cl209_e22_Nphs1_L6_IT&mRNA_Atp2b4>=7.3489179611206055&mRNA_Fosl2>=5.688651084899902&mRNA_Hs3st2>=7.513923645019531&mRNA_Satb2>=6.626140594482422&mRNA_Slit3>=4.118621349334717
cl20_e142_Rap2a_L5_PT,,0.672804533,11571,46,47,95,3,mRNA_Fam19a1,mRNA_Htr1f,mRNA_Meis2,nan,nan,nan,cl20_e142_Rap2a_L5_PT&mRNA_Fam19a1>=8.784942626953125&mRNA_Htr1f>=5.682929992675781&mRNA_Meis2>=5.468706130981445
cl210_e22_Spaca6_L23_IT,,0.163755459,11643,94,7,15,4,mRNA_Cux2,mRNA_Fam19a1,mRNA_Lamp5,mRNA_Meis2,nan,nan,cl210_e22_Spaca6_L23_IT&mRNA_Cux2>=4.612454414367676&mRNA_Fam19a1>=8.297890663146973&mRNA_Lamp5>=10.742130279541016&mRNA_Meis2>=1.6039001941680908
cl211_e22_Ascl5_L23_IT,,0.476190476,11736,1,18,4,4,mRNA_Cdh22,mRNA_Cux2,mRNA_Fam19a1,mRNA_Reln,nan,nan,cl211_e22_Ascl5_L23_IT&mRNA_Cdh22>=7.037815570831299&mRNA_Cux2>=4.546642780303955&mRNA_Fam19a1>=7.017842769622803&mRNA_Reln>=4.542943477630615
cl212_i22_Cemip_Pvalb,,0.26119403,11716,21,15,7,4,mRNA_Ank1,mRNA_Crhbp,mRNA_Gpr125,mRNA_Pvalb,nan,nan,cl212_i22_Cemip_Pvalb&mRNA_Ank1>=4.882648468017578&mRNA_Crhbp>=6.274438858032227&mRNA_Gpr125>=5.583518981933594&mRNA_Pvalb>=11.02426528930664
cl213_i22_Dnhd1_Pvalb,,0.042979943,11237,500,4,18,3,mRNA_Lhx6,mRNA_Pvalb,mRNA_Sema5a_1,nan,nan,nan,cl213_i22_Dnhd1_Pvalb&mRNA_Lhx6>=4.09172248840332&mRNA_Pvalb>=8.78996467590332&mRNA_Sema5a_1>=1.3684860467910767
cl214_e22_Rttn_L6_CT,,0.725806452,11736,1,13,9,4,mRNA_Etv1,mRNA_Hs3st2,mRNA_Sema5a_1,mRNA_Syt6,nan,nan,cl214_e22_Rttn_L6_CT&mRNA_Etv1>=6.538176536560059&mRNA_Hs3st2>=6.742471694946289&mRNA_Sema5a_1>=2.912102699279785&mRNA_Syt6>=0.6523118019104004
cl217_e22_Dnah14_L6_IT,,0.124481328,11634,103,10,12,4,mRNA_Brinp3,mRNA_Fosl2,mRNA_Hs3st2,mRNA_Satb2,nan,nan,cl217_e22_Dnah14_L6_IT&mRNA_Brinp3>=7.315315246582031&mRNA_Fosl2>=2.6838951110839844&mRNA_Hs3st2>=3.842658042907715&mRNA_Satb2>=6.202628135681152
cl218_e22_P4ha3_L6_IT,,0.316455696,11713,24,12,10,5,mRNA_Hs3st2,mRNA_Lmo3,mRNA_Rgs12,mRNA_Sema3e,mRNA_Zdhhc22,nan,cl218_e22_P4ha3_L6_IT&mRNA_Hs3st2>=5.489956855773926&mRNA_Lmo3>=7.241949081420898&mRNA_Rgs12>=0.6020715832710266&mRNA_Sema3e>=7.525093078613281&mRNA_Zdhhc22>=5.617194175720215
cl219_n22_Pdzph1_Astro,,0.172413793,11730,7,20,2,2,mRNA_Fgfr3,mRNA_Meis2,nan,nan,nan,nan,cl219_n22_Pdzph1_Astro&mRNA_Fgfr3>=7.341867446899414&mRNA_Meis2>=8.701620101928711
cl21_i137_Thumpd2_Sst,,0.559440559,11597,25,89,48,5,mRNA_Cbfb,mRNA_Crhbp,mRNA_Kcns3,mRNA_Npas1,mRNA_Pcdh8,nan,cl21_i137_Thumpd2_Sst&mRNA_Cbfb>=4.661495685577393&mRNA_Crhbp>=9.41386604309082&mRNA_Kcns3>=5.080681800842285&mRNA_Npas1>=3.4146668910980225&mRNA_Pcdh8>=6.937982559204102
cl221_i22_NA_Vip,,0.4,11734,3,18,4,3,mRNA_Prox1,mRNA_Rgs12,mRNA_Thsd7a,nan,nan,nan,cl221_i22_NA_Vip&mRNA_Prox1>=9.17251205444336&mRNA_Rgs12>=6.242474555969238&mRNA_Thsd7a>=6.769493103027344
cl223_i22_Rxfp3_Sst,,0.757575758,11736,1,12,10,4,mRNA_Cacng5,mRNA_Col25a1,mRNA_Etv1,mRNA_Pcdh8,nan,nan,cl223_i22_Rxfp3_Sst&mRNA_Cacng5>=3.1673266887664795&mRNA_Col25a1>=6.43629264831543&mRNA_Etv1>=6.16794490814209&mRNA_Pcdh8>=9.064876556396484
cl226_e21_TrnL1_L23_IT,,0.226244344,11698,40,11,10,4,mRNA_Cbfb,mRNA_Fam19a1,mRNA_Meis2,mRNA_Tgm3,nan,nan,cl226_e21_TrnL1_L23_IT&mRNA_Cbfb>=5.783669948577881&mRNA_Fam19a1>=8.514883041381836&mRNA_Meis2>=5.957472801208496&mRNA_Tgm3>=2.293506145477295
cl227_i21_Pla2g4e_Lamp5,,0.207253886,11703,35,13,8,5,mRNA_Htr1f,mRNA_Sema5a_1,mRNA_Sv2c,mRNA_Tcerg1l,mRNA_Tspan12,nan,cl227_i21_Pla2g4e_Lamp5&mRNA_Htr1f>=5.408298492431641&mRNA_Sema5a_1>=7.047172546386719&mRNA_Sv2c>=3.033400535583496&mRNA_Tcerg1l>=3.7446274757385254&mRNA_Tspan12>=5.031023025512695
cl228_e21_Rev1_L6_CT,,0.245901639,11731,7,18,3,3,mRNA_Foxp2,mRNA_Hs3st2,mRNA_Htr1f,nan,nan,nan,cl228_e21_Rev1_L6_CT&mRNA_Foxp2>=5.812716484069824&mRNA_Hs3st2>=6.542402744293213&mRNA_Htr1f>=7.763850212097168
cl22_i134_Esrrg_Pvalb,,0.230404823,11185,440,27,107,3,mRNA_Lhx6,mRNA_Pvalb,mRNA_Sema5a,nan,nan,nan,cl22_i134_Esrrg_Pvalb&mRNA_Lhx6>=2.07265567779541&mRNA_Pvalb>=9.000459671020508&mRNA_Sema5a>=1.0338985919952393
cl230_i21_Brca2_Pvalb,,0.308641975,11728,10,16,5,4,mRNA_Cbfb,mRNA_Crhbp,mRNA_Pvalb,mRNA_Rgs12,nan,nan,cl230_i21_Brca2_Pvalb&mRNA_Cbfb>=5.7565507888793945&mRNA_Crhbp>=7.030666351318359&mRNA_Pvalb>=6.638575077056885&mRNA_Rgs12>=3.2628939151763916
cl231_i21_Gramd1c_Vip,,0.344827586,11738,0,19,2,2,mRNA_Rxfp1,mRNA_Thsd7a,nan,nan,nan,nan,cl231_i21_Gramd1c_Vip&mRNA_Rxfp1>=9.853164672851562&mRNA_Thsd7a>=7.091815948486328
cl232_i21_Spc25_Sst,,0.737704918,11737,1,12,9,4,mRNA_Cdh22,mRNA_Crhbp,mRNA_Kcnmb2,mRNA_Npas1,nan,nan,cl232_i21_Spc25_Sst&mRNA_Cdh22>=3.8284034729003906&mRNA_Crhbp>=9.171388626098633&mRNA_Kcnmb2>=7.05750846862793&mRNA_Npas1>=8.055129051208496
cl233_i21_Grem2_Lamp5,,0.2,11738,0,20,1,1,mRNA_Sema5a,nan,nan,nan,nan,nan,cl233_i21_Grem2_Lamp5&mRNA_Sema5a>=9.935018539428711
cl234_i21_Srd5a1_Lamp5,,0.200803213,11691,47,11,10,3,mRNA_Nos1,mRNA_Reln,mRNA_Sema5a_1,nan,nan,nan,cl234_i21_Srd5a1_Lamp5&mRNA_Nos1>=3.2078158855438232&mRNA_Reln>=10.412087440490723&mRNA_Sema5a_1>=6.607078552246094
cl236_e21_Arg2_L5_NP,,0.561797753,11731,7,11,10,3,mRNA_Etv1,mRNA_Grik1,mRNA_Tshz2,nan,nan,nan,cl236_e21_Arg2_L5_NP&mRNA_Etv1>=9.149748802185059&mRNA_Grik1>=7.591914176940918&mRNA_Tshz2>=9.14100456237793
cl238_i20_Cldn1_Lamp5,,0.535714286,11732,7,11,9,5,mRNA_Htr1f,mRNA_Ndnf,mRNA_Reln,mRNA_Sema5a_1,mRNA_Tspan12,nan,cl238_i20_Cldn1_Lamp5&mRNA_Htr1f>=0.678052544593811&mRNA_Ndnf>=6.136321067810059&mRNA_Reln>=9.197404861450195&mRNA_Sema5a_1>=6.793510913848877&mRNA_Tspan12>=4.150453567504883
cl239_i20_Casp9_Pvalb,,0.181451613,11691,48,11,9,4,mRNA_Ank1,mRNA_Etv1,mRNA_Gpr125,mRNA_Pvalb,nan,nan,cl239_i20_Casp9_Pvalb&mRNA_Ank1>=5.749905586242676&mRNA_Etv1>=5.1198272705078125&mRNA_Gpr125>=5.769006729125977&mRNA_Pvalb>=9.523557662963867
cl23_i132_Myh13_Sst,,0.569444444,11562,65,50,82,5,mRNA_Calb1,mRNA_Chrna2,mRNA_Lhx6_1,mRNA_Npas1,mRNA_Reln,nan,cl23_i132_Myh13_Sst&mRNA_Calb1>=10.344852447509766&mRNA_Chrna2>=4.734744071960449&mRNA_Lhx6_1>=6.640783309936523&mRNA_Npas1>=7.292645454406738&mRNA_Reln>=8.05356216430664
cl240_i20_Sall1_Vip,,0.5,11735,4,14,6,3,mRNA_Npas1,mRNA_Rspo1,mRNA_Vip,nan,nan,nan,cl240_i20_Sall1_Vip&mRNA_Npas1>=8.902841567993164&mRNA_Rspo1>=5.5293073654174805&mRNA_Vip>=14.117403030395508
cl241_i20_Fv1_Pvalb,,0.291666667,11698,41,6,14,4,mRNA_Ank1,mRNA_Crhbp,mRNA_Ngf,mRNA_Pvalb,nan,nan,cl241_i20_Fv1_Pvalb&mRNA_Ank1>=5.700453758239746&mRNA_Crhbp>=6.332221984863281&mRNA_Ngf>=5.775475978851318&mRNA_Pvalb>=10.21216869354248
cl242_i19_Emilin2_Sst,,0.428571429,11739,1,16,3,3,mRNA_Fam19a2,mRNA_Grik1,mRNA_Lhx6,nan,nan,nan,cl242_i19_Emilin2_Sst&mRNA_Fam19a2>=7.601346969604492&mRNA_Grik1>=8.280384063720703&mRNA_Lhx6>=8.587104797363281
cl246_i20_Igsf1_Sst,,0.511363636,11731,8,11,9,3,mRNA_Crhbp,mRNA_Nell1,mRNA_Unc13c,nan,nan,nan,cl246_i20_Igsf1_Sst&mRNA_Crhbp>=8.409468650817871&mRNA_Nell1>=8.108257293701172&mRNA_Unc13c>=7.771660804748535
cl247_e20_Pah_L5_IT,,0.318627451,11706,33,7,13,5,mRNA_Deptor,mRNA_Fam19a1,mRNA_Fam19a2,mRNA_Rorb_1,mRNA_Thsd7a,nan,cl247_e20_Pah_L5_IT&mRNA_Deptor>=5.720244407653809&mRNA_Fam19a1>=6.368828296661377&mRNA_Fam19a2>=7.536623001098633&mRNA_Rorb_1>=5.576708793640137&mRNA_Thsd7a>=5.69590950012207
cl248_i20_Lsmem1_Sst,,0.227272727,11699,40,10,10,4,mRNA_Cacng5,mRNA_Col25a1,mRNA_Etv1,mRNA_Thsd7a,nan,nan,cl248_i20_Lsmem1_Sst&mRNA_Cacng5>=2.374147415161133&mRNA_Col25a1>=6.371535301208496&mRNA_Etv1>=5.345544815063477&mRNA_Thsd7a>=7.720364570617676
cl249_i20_Tacr3_Sst,,0.357142857,11739,0,18,2,3,mRNA_Col25a1,mRNA_Fosl2,mRNA_Pvalb,nan,nan,nan,cl249_i20_Tacr3_Sst&mRNA_Col25a1>=5.365072250366211&mRNA_Fosl2>=8.712285995483398&mRNA_Pvalb>=4.5901970863342285
cl26_i124_Ccser1_Vip,,0.498251748,11580,55,67,57,4,mRNA_Reln,mRNA_Rgs12,mRNA_Thsd7a,mRNA_Zbtb20,nan,nan,cl26_i124_Ccser1_Vip&mRNA_Reln>=3.5549774169921875&mRNA_Rgs12>=7.5463457107543945&mRNA_Thsd7a>=8.048357009887695&mRNA_Zbtb20>=7.494321823120117
cl27_e121_Gadd45a_L6_CT,,0.385786802,11498,140,45,76,3,mRNA_Foxp2,mRNA_Hs3st2,mRNA_Meis2,nan,nan,nan,cl27_e121_Gadd45a_L6_CT&mRNA_Foxp2>=6.051605224609375&mRNA_Hs3st2>=7.218626976013184&mRNA_Meis2>=5.791193962097168
cl29_i121_Acbd7_Sst,,0.823045267,11606,32,1,120,2,mRNA_Chodl,mRNA_Nos1,nan,nan,nan,nan,cl29_i121_Acbd7_Sst&mRNA_Chodl>=7.888156890869141&mRNA_Nos1>=8.97945785522461
cl2_e381_Rgs2_L6_IT,,0.462201332,11071,307,145,236,6,mRNA_Atp2b4,mRNA_Hs3st2,mRNA_Inf2,mRNA_Sema3e,mRNA_Slit3,mRNA_Sorcs3,cl2_e381_Rgs2_L6_IT&mRNA_Atp2b4>=6.30705451965332&mRNA_Hs3st2>=5.914804458618164&mRNA_Inf2>=1.90355384349823&mRNA_Sema3e>=5.64837646484375&mRNA_Slit3>=3.2212018966674805&mRNA_Sorcs3>=4.997037887573242
cl32_n118_Opalin_Oligo,,0.888888889,11638,3,38,80,2,mRNA_Fa2h,mRNA_Prox1,nan,nan,nan,nan,cl32_n118_Opalin_Oligo&mRNA_Fa2h>=5.9065961837768555&mRNA_Prox1>=0.6081377863883972
cl34_i116_Nr2e1_Vip,,0.633802817,11637,6,80,36,4,mRNA_Nell1,mRNA_Npas1,mRNA_Rgs12,mRNA_Zbtb20,nan,nan,cl34_i116_Nr2e1_Vip&mRNA_Nell1>=7.070865154266357&mRNA_Npas1>=8.47093391418457&mRNA_Rgs12>=7.869584083557129&mRNA_Zbtb20>=7.650461196899414
cl35_i106_Bcl9_Sst,,0.622270742,11622,31,49,57,3,mRNA_Nell1,mRNA_Thsd7a,mRNA_Unc13c,nan,nan,nan,cl35_i106_Bcl9_Sst&mRNA_Nell1>=6.740257263183594&mRNA_Thsd7a>=7.860321998596191&mRNA_Unc13c>=4.207912445068359
cl36_i104_Rspo4_Vip,,0.433467742,11600,55,61,43,3,mRNA_Prox1,mRNA_Rspo1,mRNA_Vip,nan,nan,nan,cl36_i104_Rspo4_Vip&mRNA_Prox1>=8.198458671569824&mRNA_Rspo1>=0.6742558479309082&mRNA_Vip>=13.204237937927246
cl37_e104_Mapk13_L6b,,0.80952381,11644,11,36,68,4,mRNA_Htr1f,mRNA_Ngf,mRNA_Nxph4,mRNA_Rxfp1,nan,nan,cl37_e104_Mapk13_L6b&mRNA_Htr1f>=1.972351312637329&mRNA_Ngf>=1.2012033462524414&mRNA_Nxph4>=5.221904754638672&mRNA_Rxfp1>=5.707269668579102
cl38_e104_Chn2_L5_NP,,0.799180328,11637,18,26,78,3,mRNA_Inf2,mRNA_Slc17a8,mRNA_Tshz2,nan,nan,nan,cl38_e104_Chn2_L5_NP&mRNA_Inf2>=1.2284905910491943&mRNA_Slc17a8>=4.929023265838623&mRNA_Tshz2>=7.857583999633789
cl39_i103_Rnf138rt1_Vip,,0.496062992,11586,70,40,63,5,mRNA_Ngf,mRNA_Oprm1,mRNA_Sema5a,mRNA_Vip,mRNA_Zbtb20,nan,cl39_i103_Rnf138rt1_Vip&mRNA_Ngf>=3.8562188148498535&mRNA_Oprm1>=4.836358070373535&mRNA_Sema5a>=5.644054412841797&mRNA_Vip>=12.714103698730469&mRNA_Zbtb20>=6.7662553787231445
cl3_i309_Cpne6_Lamp5,,0.595643295,11335,115,134,175,2,mRNA_Htr1f,mRNA_Sema5a,nan,nan,nan,nan,cl3_i309_Cpne6_Lamp5&mRNA_Htr1f>=2.9537642002105713&mRNA_Sema5a>=7.958838939666748
cl40_i103_Il7_Pvalb,,0.839416058,11648,8,34,69,2,mRNA_Pvalb,mRNA_Th,nan,nan,nan,nan,cl40_i103_Il7_Pvalb&mRNA_Pvalb>=4.77803897857666&mRNA_Th>=10.137713432312012
cl41_n102_Selplg_Macrophage,,0.819672131,11630,27,2,100,1,mRNA_Ly86,nan,nan,nan,nan,nan,cl41_n102_Selplg_Macrophage&mRNA_Ly86>=8.499967575073242
cl44_e96_Chrna6_L5_PT,,0.690104167,11644,19,43,53,3,mRNA_Etv1,mRNA_Fam19a1,mRNA_Reln,nan,nan,nan,cl44_e96_Chrna6_L5_PT&mRNA_Etv1>=6.380677700042725&mRNA_Fam19a1>=9.825763702392578&mRNA_Reln>=5.953054428100586
cl45_i95_Gsx2_Vip,,0.421412301,11615,49,58,37,3,mRNA_Pdgfra,mRNA_Prox1,mRNA_Vip,nan,nan,nan,cl45_i95_Gsx2_Vip&mRNA_Pdgfra>=1.0002866983413696&mRNA_Prox1>=7.515645503997803&mRNA_Vip>=13.274584770202637
cl46_e95_Npc1l1_L5_IT,,0.646387833,11656,8,61,34,4,mRNA_Brinp3,mRNA_Hs3st2,mRNA_Ptprt,mRNA_Satb2,nan,nan,cl46_e95_Npc1l1_L5_IT&mRNA_Brinp3>=6.753334045410156&mRNA_Hs3st2>=8.6288480758667&mRNA_Ptprt>=6.93722677230835&mRNA_Satb2>=5.651347637176514
cl48_e91_Csgalnact1_L6_IT,,0.398860399,11631,37,63,28,6,mRNA_Cdh22,mRNA_Hs3st2,mRNA_Inf2,mRNA_Kcnip2,mRNA_Sema3e,mRNA_Sorcs3,cl48_e91_Csgalnact1_L6_IT&mRNA_Cdh22>=3.2818498611450195&mRNA_Hs3st2>=7.011369228363037&mRNA_Inf2>=3.1254405975341797&mRNA_Kcnip2>=2.920626640319824&mRNA_Sema3e>=7.151477813720703&mRNA_Sorcs3>=7.13198184967041
cl49_i90_Gpr149_Pvalb,,0.712765957,11641,28,23,67,3,mRNA_Pvalb,mRNA_Tcerg1l,mRNA_Tspan12,nan,nan,nan,cl49_i90_Gpr149_Pvalb&mRNA_Pvalb>=9.677242279052734&mRNA_Tcerg1l>=4.002511501312256&mRNA_Tspan12>=2.590829372406006
cl4_e253_Lgmn_L5_IT,,0.695230396,11432,74,81,172,3,mRNA_Col25a1,mRNA_Deptor,mRNA_Rorb,nan,nan,nan,cl4_e253_Lgmn_L5_IT&mRNA_Col25a1>=1.0867438316345215&mRNA_Deptor>=7.042581558227539&mRNA_Rorb>=4.152368068695068
cl50_i90_Agt_Lamp5,,0.745033113,11661,8,45,45,4,mRNA_Cacng5,mRNA_Col25a1,mRNA_Ndnf,mRNA_Rgs12,nan,nan,cl50_i90_Agt_Lamp5&mRNA_Cacng5>=1.9533960819244385&mRNA_Col25a1>=3.8438119888305664&mRNA_Ndnf>=8.512039184570312&mRNA_Rgs12>=6.4453935623168945
cl52_i88_TrnI_Pvalb,,0.663265306,11670,1,62,26,4,mRNA_Htr1f,mRNA_Pcdh8,mRNA_Pvalb,mRNA_Thsd7a,nan,nan,cl52_i88_TrnI_Pvalb&mRNA_Htr1f>=5.239435195922852&mRNA_Pcdh8>=7.167136192321777&mRNA_Pvalb>=6.072143077850342&mRNA_Thsd7a>=8.422207832336426
cl53_i85_Dclk2_Pvalb,,0.484764543,11640,34,50,35,4,mRNA_Gpr125,mRNA_Kcnip2,mRNA_Pvalb,mRNA_Thsd7a,nan,nan,cl53_i85_Dclk2_Pvalb&mRNA_Gpr125>=5.721365928649902&mRNA_Kcnip2>=7.3746490478515625&mRNA_Pvalb>=8.918853759765625&mRNA_Thsd7a>=6.122879981994629
cl54_i85_Thbs3_Vip,,0.6,11666,8,58,27,3,mRNA_Fgfr3,mRNA_Npas1,mRNA_Sema5a_1,nan,nan,nan,cl54_i85_Thbs3_Vip&mRNA_Fgfr3>=2.0851926803588867&mRNA_Npas1>=7.702704429626465&mRNA_Sema5a_1>=4.587542533874512
cl57_i83_Myl1_Vip,,0.484581498,11662,14,61,22,4,mRNA_Pvalb,mRNA_Rgs12,mRNA_Tcerg1l,mRNA_Vip,nan,nan,cl57_i83_Myl1_Vip&mRNA_Pvalb>=2.879122734069824&mRNA_Rgs12>=7.394939422607422&mRNA_Tcerg1l>=5.766384124755859&mRNA_Vip>=12.845237731933594
cl58_i81_Tmem255a_Sst,,0.650406504,11654,24,33,48,5,mRNA_Calb1,mRNA_Crhbp,mRNA_Npas1,mRNA_Oprm1,mRNA_Reln,nan,cl58_i81_Tmem255a_Sst&mRNA_Calb1>=11.550621032714844&mRNA_Crhbp>=8.386709213256836&mRNA_Npas1>=6.375890254974365&mRNA_Oprm1>=6.486598491668701&mRNA_Reln>=7.321505546569824
cl5_i231_Nov_Vip,,0.430060817,11397,131,132,99,2,mRNA_Cacng5,mRNA_Vip,nan,nan,nan,nan,cl5_i231_Nov_Vip&mRNA_Cacng5>=6.845542907714844&mRNA_Vip>=14.798515319824219
cl61_e77_Mir221_L6_IT,,0.648648649,11679,3,53,24,3,mRNA_Fosl2,mRNA_Rxfp1,mRNA_Slit3,nan,nan,nan,cl61_e77_Mir221_L6_IT&mRNA_Fosl2>=6.629244804382324&mRNA_Rxfp1>=1.5854085683822632&mRNA_Slit3>=4.9744038581848145
cl62_e76_Apaf1_L23_IT,,0.407608696,11640,43,46,30,4,mRNA_Mdga1,mRNA_Meis2,mRNA_Nos1,mRNA_Tgm3,nan,nan,cl62_e76_Apaf1_L23_IT&mRNA_Mdga1>=1.227283239364624&mRNA_Meis2>=6.056797027587891&mRNA_Nos1>=0.6253962516784668&mRNA_Tgm3>=1.6743340492248535
cl63_i73_Tac2_Vip,,0.480225989,11677,9,56,17,3,mRNA_Fosl2,mRNA_Rgs12,mRNA_Vip,nan,nan,nan,cl63_i73_Tac2_Vip&mRNA_Fosl2>=7.381392955780029&mRNA_Rgs12>=6.132082939147949&mRNA_Vip>=15.737524032592773
cl65_i72_Tmem223_Lamp5,,0.360824742,11636,51,44,28,4,mRNA_Deptor,mRNA_Rgs12,mRNA_Rxfp1,mRNA_Sv2c,nan,nan,cl65_i72_Tmem223_Lamp5&mRNA_Deptor>=6.858762264251709&mRNA_Rgs12>=5.131538391113281&mRNA_Rxfp1>=7.109427452087402&mRNA_Sv2c>=0.5979268550872803
cl66_e71_Serpinb11_L6b,,0.836653386,11685,3,29,42,3,mRNA_Cacng5,mRNA_Nxph4,mRNA_Satb2,nan,nan,nan,cl66_e71_Serpinb11_L6b&mRNA_Cacng5>=1.4910197257995605&mRNA_Nxph4>=6.974357604980469&mRNA_Satb2>=6.2962446212768555
cl69_e70_Depdc7_L5_PT,,0.717391304,11682,7,37,33,3,mRNA_Fam19a1,mRNA_Rxfp1,mRNA_Tgm3,nan,nan,nan,cl69_e70_Depdc7_L5_PT&mRNA_Fam19a1>=9.503898620605469&mRNA_Rxfp1>=4.435244560241699&mRNA_Tgm3>=3.8606905937194824
cl6_e204_Exosc4_L23_IT,,0.315594059,11153,402,51,153,4,mRNA_Atp2b4,mRNA_Fam19a1,mRNA_Lamp5,mRNA_Meis2,nan,nan,cl6_e204_Exosc4_L23_IT&mRNA_Atp2b4>=6.531691551208496&mRNA_Fam19a1>=6.585168838500977&mRNA_Lamp5>=9.305765151977539&mRNA_Meis2>=2.1646676063537598
cl70_e70_Abca12_L5_NP,,0.574162679,11650,39,22,48,1,mRNA_Tshz2,nan,nan,nan,nan,nan,cl70_e70_Abca12_L5_NP&mRNA_Tshz2>=9.375326156616211
cl71_e68_Mir153_L23_IT,,0.471311475,11670,21,45,23,4,mRNA_Fam19a1,mRNA_Fosl2_1,mRNA_Mdga1,mRNA_Meis2,nan,nan,cl71_e68_Mir153_L23_IT&mRNA_Fam19a1>=9.378907203674316&mRNA_Fosl2_1>=4.2944488525390625&mRNA_Mdga1>=2.982666015625&mRNA_Meis2>=5.749357223510742
cl72_i68_Bach2_Lamp5,,0.2625,11629,62,47,21,4,mRNA_Cntn5_1,mRNA_Ngf,mRNA_Reln,mRNA_Sema3e,nan,nan,cl72_i68_Bach2_Lamp5&mRNA_Cntn5_1>=6.84383487701416&mRNA_Ngf>=5.6907148361206055&mRNA_Reln>=9.356260299682617&mRNA_Sema3e>=8.711782455444336
cl74_e68_Napsa_L6b,,0.717592593,11685,6,37,31,4,mRNA_Atp2b4,mRNA_Foxp2,mRNA_Hs3st2,mRNA_Nxph4,nan,nan,cl74_e68_Napsa_L6b&mRNA_Atp2b4>=6.591982841491699&mRNA_Foxp2>=4.220712661743164&mRNA_Hs3st2>=8.193117141723633&mRNA_Nxph4>=2.1843950748443604
cl76_e66_Pou2f2_L6_IT,,0.130718954,11641,52,58,8,5,mRNA_Atp2b4,mRNA_Cbfb,mRNA_Satb2,mRNA_Slit3,mRNA_Tbr1,nan,cl76_e66_Pou2f2_L6_IT&mRNA_Atp2b4>=7.3922576904296875&mRNA_Cbfb>=6.568624973297119&mRNA_Satb2>=5.28570556640625&mRNA_Slit3>=3.8203182220458984&mRNA_Tbr1>=5.413237571716309
cl77_n66_Rlbp1_Oligo,,0.833333333,11682,11,11,55,1,mRNA_Pdgfra,nan,nan,nan,nan,nan,cl77_n66_Rlbp1_Oligo&mRNA_Pdgfra>=10.306859016418457
cl78_e65_NA_L5_IT,,0.488958991,11662,32,34,31,4,mRNA_Deptor,mRNA_Fam19a1,mRNA_Htr1f,mRNA_Rorb,nan,nan,cl78_e65_NA_L5_IT&mRNA_Deptor>=6.330646514892578&mRNA_Fam19a1>=5.801885604858398&mRNA_Htr1f>=2.4946699142456055&mRNA_Rorb>=6.171317100524902
cl79_i65_Tnni3k_Sst,,0.534351145,11654,40,23,42,4,mRNA_Col25a1,mRNA_Crhbp,mRNA_Pcdh8,mRNA_Pvalb,nan,nan,cl79_i65_Tnni3k_Sst&mRNA_Col25a1>=3.4373974800109863&mRNA_Crhbp>=9.019506454467773&mRNA_Pcdh8>=6.2846221923828125&mRNA_Pvalb>=4.163448333740234
cl81_e63_Msl2_L6_IT,,0.376044568,11649,47,36,27,5,mRNA_Hs3st2,mRNA_Kcnip2,mRNA_Rgs12,mRNA_Slit3,mRNA_Sorcs3,nan,cl81_e63_Msl2_L6_IT&mRNA_Hs3st2>=7.513319969177246&mRNA_Kcnip2>=4.393152236938477&mRNA_Rgs12>=1.6660006046295166&mRNA_Slit3>=3.83260178565979&mRNA_Sorcs3>=7.012494087219238
cl82_i63_NA_Vip,,0.333333333,11665,31,46,17,5,mRNA_Ngf,mRNA_Npas1,mRNA_Rgs12,mRNA_Thsd7a,mRNA_Vip,nan,cl82_i63_NA_Vip&mRNA_Ngf>=5.634361267089844&mRNA_Npas1>=4.761600017547607&mRNA_Rgs12>=7.384007453918457&mRNA_Thsd7a>=6.275516510009766&mRNA_Vip>=15.485057830810547
cl83_n62_Ccl19_VLMC,,0.693717277,11670,27,9,53,2,mRNA_Dcn,mRNA_Ndnf,nan,nan,nan,nan,cl83_n62_Ccl19_VLMC&mRNA_Dcn>=10.019707679748535&mRNA_Ndnf>=1.1063528060913086
cl84_i62_NA_Lamp5,,0.668316832,11689,8,35,27,3,mRNA_Cntn5_1,mRNA_Deptor,mRNA_Lamp5,nan,nan,nan,cl84_i62_NA_Lamp5&mRNA_Cntn5_1>=7.281734466552734&mRNA_Deptor>=6.730752468109131&mRNA_Lamp5>=10.628400802612305
cl85_i60_Snai2_Lamp5,,0.767045455,11697,2,33,27,2,mRNA_Ngf,mRNA_Nos1,nan,nan,nan,nan,cl85_i60_Snai2_Lamp5&mRNA_Ngf>=7.4595627784729&mRNA_Nos1>=6.948686599731445
cl88_i60_NA_Lamp5,,0.274725275,11643,56,40,20,5,mRNA_Lamp5,mRNA_Ndnf,mRNA_Ngf,mRNA_Reln,mRNA_Sema3e,nan,cl88_i60_NA_Lamp5&mRNA_Lamp5>=10.726359367370605&mRNA_Ndnf>=8.498577117919922&mRNA_Ngf>=6.781459808349609&mRNA_Reln>=9.369455337524414&mRNA_Sema3e>=8.47835922241211
cl89_i60_Clnk_Lamp5,,0.545977011,11665,34,22,38,3,mRNA_Deptor,mRNA_Fam19a1,mRNA_Rgs12,nan,nan,nan,cl89_i60_Clnk_Lamp5&mRNA_Deptor>=7.769839763641357&mRNA_Fam19a1>=0.9817662239074707&mRNA_Rgs12>=7.575000762939453
cl8_e168_Adam8_L6_IT,,0.606060606,11548,43,88,80,3,mRNA_Atp2b4,mRNA_Rxfp1,mRNA_Slit3,nan,nan,nan,cl8_e168_Adam8_L6_IT&mRNA_Atp2b4>=7.373808860778809&mRNA_Rxfp1>=6.5487060546875&mRNA_Slit3>=4.766618251800537
cl90_i59_Rom1_Pvalb,,0.38147139,11651,49,31,28,3,mRNA_Cntn5,mRNA_Kcnip2,mRNA_Pvalb,nan,nan,nan,cl90_i59_Rom1_Pvalb&mRNA_Cntn5>=5.524354934692383&mRNA_Kcnip2>=8.684690475463867&mRNA_Pvalb>=8.05465316772461
cl91_i59_Slc18a3_Vip,,0.449101796,11688,12,44,15,3,mRNA_Cacng5,mRNA_Pcdh8,mRNA_Rspo1,nan,nan,nan,cl91_i59_Slc18a3_Vip&mRNA_Cacng5>=7.505221366882324&mRNA_Pcdh8>=8.587080001831055&mRNA_Rspo1>=1.5410497188568115
cl92_n59_Chil1_Astro,,0.269865067,11584,116,23,36,3,mRNA_Fgfr3,mRNA_Meis2_1,mRNA_Rorb,nan,nan,nan,cl92_n59_Chil1_Astro&mRNA_Fgfr3>=7.2351579666137695&mRNA_Meis2_1>=0.744937539100647&mRNA_Rorb>=3.9206552505493164
cl93_i58_Sln_Lamp5,,0.73943662,11701,0,37,21,3,mRNA_Lamp5,mRNA_Sncg,mRNA_Tspan12,nan,nan,nan,cl93_i58_Sln_Lamp5&mRNA_Lamp5>=3.1708269119262695&mRNA_Sncg>=2.687018632888794&mRNA_Tspan12>=7.046329498291016
cl94_e57_Cyp39a1_L4,,0.215252153,11548,154,22,35,4,mRNA_Fam19a1,mRNA_Rorb,mRNA_Rspo1,mRNA_Tshz2,nan,nan,cl94_e57_Cyp39a1_L4&mRNA_Fam19a1>=5.0843505859375&mRNA_Rorb>=6.757073879241943&mRNA_Rspo1>=6.057583808898926&mRNA_Tshz2>=3.1851136684417725
cl95_i57_Atp12a_Lamp5,,0.206060606,11544,158,23,34,4,mRNA_Coro6,mRNA_Lamp5,mRNA_Sema5a,mRNA_Sv2c,nan,nan,cl95_i57_Atp12a_Lamp5&mRNA_Coro6>=5.828673362731934&mRNA_Lamp5>=10.557171821594238&mRNA_Sema5a>=7.347532272338867&mRNA_Sv2c>=4.590093612670898
cl97_i57_Pdyn_Sst,,0.636942675,11697,5,37,20,3,mRNA_Nell1,mRNA_Syt6,mRNA_Unc13c,nan,nan,nan,cl97_i57_Pdyn_Sst&mRNA_Nell1>=6.743740081787109&mRNA_Syt6>=0.6438528299331665&mRNA_Unc13c>=8.153852462768555
cl98_n56_Cnn1_SMC,,0.729166667,11697,6,28,28,3,mRNA_Map3k7cl,mRNA_Sncg,mRNA_Zbtb20,nan,nan,nan,cl98_n56_Cnn1_SMC&mRNA_Map3k7cl>=1.1963326930999756&mRNA_Sncg>=9.90019416809082&mRNA_Zbtb20>=8.093664169311523
cl9_i166_Tll1_Pvalb,,0.731707317,11558,35,58,108,3,mRNA_Col25a1,mRNA_Crhbp,mRNA_Pvalb,nan,nan,nan,cl9_i166_Tll1_Pvalb&mRNA_Col25a1>=5.545077323913574&mRNA_Crhbp>=5.983464241027832&mRNA_Pvalb>=9.331378936767578